Workbook

Sheet Read me
A1: Outreach uplift calculator
A2: Companion to the causal-uplift-targeting-guide repository. For lenders who plan and read outreach tests in a spreadsheet.
A4: How to use
A5: 1. Yellow cells with blue text are inputs. Replace the example values with your own.
A6: 2. Everything else is a formula. Don't type over it.
A8: Tabs
A9: Sample size: how many prospects a randomized test needs, and the smallest lift it can detect (guide chapter 2).
A10: Test result: did outreach work? Lift with a 95% interval, and the cost per incremental application or funded loan (chapter 3).
A11: Segment lift: lift by segment, with intervals and shrinkage toward the overall lift (chapter 4).
A12: Next campaign: spend a contact budget on the segments with the highest lift, and check target-market reach against a floor (chapters 6 and 7).
A14: About the example values
A15: All example values come from the repository's synthetic data (examples/synthetic_data.py). They do not describe any real lender or campaign.
A17: General methodology, not legal, regulatory, or compliance advice.

Sheet Sample size
A1: How big a test?
A2: Two-sided test of two proportions. Absolute lifts, e.g. 0.02 = 2 percentage points.
A4: Application rate without outreach | B4: 0.04 | C4: From past campaigns, or a reasonable guess
A5: Lift you want to detect | B5: 0.02 | C5: The smallest effect worth acting on
A6: Holdout share | B6: 0.5 | C6: Share of the list left uncontacted
A7: Significance level | B7: 0.05
A8: Power | B8: 0.8
A10: Rate with outreach | B10: =B4+B5 -> 0.06
A11: Contacted per holdout prospect | B11: =(1-B6)/B6 -> 1
A12: Holdout prospects needed | B12: =ROUNDUP((NORMSINV(1-B7/2)+NORMSINV(B8))^2*(B4*(1-B4)+B10*(1-B10)/B11)/B5^2,0) -> 1861
A13: Contacted prospects needed | B13: =ROUNDUP(B12*B11,0) -> 1861
A14: Total list needed | B14: =B12+B13 -> 3722
A16: Smallest detectable lift for a list you already have
A17: Prospects on your list | B17: 4000
A18: Smallest detectable lift (approx.) | B18: =(NORMSINV(1-B7/2)+NORMSINV(B8))*SQRT(B4*(1-B4)/(B17*B6)+(B4+0.02)*(1-B4-0.02)/(B17*(1-B6))) -> 0.019288258 | C18: Uses the with-outreach rate at base + 2 points; close enough for planning

Sheet Test result
A1: Did outreach work?
A2: Example: the synthetic pilot (4,000 prospects, 50/50 randomized). Outcome = funded loans within 60 days.
B4: Contacted | C4: Holdout
A5: Prospects | B5: 2030 | C5: 1970
A6: Outcomes (e.g. funded loans) | B6: 129 | C6: 91
A7: Rate | B7: =B6/B5 -> 0.063546798 | C7: =C6/C5 -> 0.046192893
A9: Lift (percentage points) | B9: =B7-C7 -> 0.017353905
A10: Standard error | B10: =SQRT(B7*(1-B7)/B5+C7*(1-C7)/C5) -> 0.0071888534
A11: 95% interval, low | B11: =B9-1.96*B10 -> 0.003263752
A12: 95% interval, high | B12: =B9+1.96*B10 -> 0.031444057
A13: p-value (two-sided) | B13: =2*(1-NORMSDIST(ABS(B9)/B10)) -> 0.015778387
A14: Incremental outcomes caused by outreach | B14: =B9*B5 -> 35.228426 | C14: Among those contacted
A15: Share of contacted outcomes that would have happened anyway | B15: =C7/B7 -> 0.72691142
A17: Cost per contact ($) | B17: 30
A18: Naive cost per outcome among contacted | B18: =B17/B7 -> 472.09302 | C18: What most campaign reports show
A19: Cost per INCREMENTAL outcome | B19: =IF(B9>0,B17/B9,"no measurable effect") -> 1728.7176
A20: best case (high end of interval) | B20: =IF(B12>0,B17/B12,"n/a") -> 954.07535
A21: worst case (low end of interval) | B21: =IF(B11>0,B17/B11,"interval includes zero") -> 9191.8749

Sheet Segment lift
A1: Lift by segment
A2: Define segments BEFORE looking at results. Example: synthetic pilot, outcome = applications. Shrinkage pulls noisy segments toward the overall lift.
A4: Segment | B4: Contacted | C4: Contacted: applied | D4: Holdout | E4: Holdout: applied | F4: Rate contacted | G4: Rate holdout | H4: Lift | I4: Std error | J4: 95% low | K4: 95% high | L4: Shrunk lift
A5: TA alumni, no loan | B5: 471 | C5: 55 | D5: 486 | E5: 15 | F5: =C5/B5 -> 0.11677282 | G5: =E5/D5 -> 0.030864198 | H5: =F5-G5 -> 0.085908626 | I5: =SQRT(F5*(1-F5)/B5+G5*(1-G5)/D5) -> 0.016748757 | J5: =H5-1.96*I5 -> 0.053081062 | K5: =H5+1.96*I5 -> 0.11873619 | L5: =$B$11+IF($B$12>0,$B$12/($B$12+I5^2),0)*(H5-$B$11) -> 0.078581746
A6: Already engaged | B6: 568 | C6: 106 | D6: 576 | E6: 101 | F6: =C6/B6 -> 0.18661972 | G6: =E6/D6 -> 0.17534722 | H6: =F6-G6 -> 0.011272496 | I6: =SQRT(F6*(1-F6)/B6+G6*(1-G6)/D6) -> 0.022765841 | J6: =H6-1.96*I6 -> -0.033348552 | K6: =H6+1.96*I6 -> 0.055893544 | L6: =$B$11+IF($B$12>0,$B$12/($B$12+I6^2),0)*(H6-$B$11) -> 0.013086758
A7: Other | B7: 859 | C7: 35 | D7: 789 | E7: 29 | F7: =C7/B7 -> 0.040745052 | G7: =E7/D7 -> 0.036755387 | H7: =F7-G7 -> 0.0039896658 | I7: =SQRT(F7*(1-F7)/B7+G7*(1-G7)/D7) -> 0.009506471 | J7: =H7-1.96*I7 -> -0.014643017 | K7: =H7+1.96*I7 -> 0.022622349 | L7: =$B$11+IF($B$12>0,$B$12/($B$12+I7^2),0)*(H7-$B$11) -> 0.0046507973
A8: Recently declined | B8: 132 | C8: 6 | D8: 119 | E8: 10 | F8: =C8/B8 -> 0.045454545 | G8: =E8/D8 -> 0.084033613 | H8: =F8-G8 -> -0.038579068 | I8: =SQRT(F8*(1-F8)/B8+G8*(1-G8)/D8) -> 0.031233371 | J8: =H8-1.96*I8 -> -0.099796475 | K8: =H8+1.96*I8 -> 0.022638339 | L8: =$B$11+IF($B$12>0,$B$12/($B$12+I8^2),0)*(H8-$B$11) -> -0.020393684
A11: Overall lift | B11: =SUM(C5:C8)/SUM(B5:B8)-SUM(E5:E8)/SUM(D5:D8) -> 0.020827186
A12: Between-segment variance (true) | B12: =MAX(VAR(H5:H8)-SUMPRODUCT(I5:I8,I5:I8)/COUNT(I5:I8),0) -> 0.0022112222 | C12: Variance of segment lifts minus average sampling variance. If zero, every segment shrinks to the overall lift.

Sheet Next campaign
A1: Spend the contact budget where outreach makes a difference
A2: Contacts go to segments in order of shrunk lift. Segments with zero or negative lift get no contacts. Example: the next synthetic list of 4,000.
A3: Contact budget (number of contacts) | B3: 1000
A4: Target-market floor (share of contacts) | B4: 0.6 | C4: e.g. the CDFI 60% target-market benchmark, or your own policy
A6: Segment | B6: Prospects on next list | C6: Share in target market | D6: Shrunk lift | E6: Priority rank | F6: Contacts allocated | G6: Expected incremental applications | H6: Target-market contacts
A7: ='Segment lift'!A5 -> TA alumni, no loan | B7: 988 | C7: 0.666 | D7: ='Segment lift'!L5 -> 0.078581746 | E7: =RANK(D7,$D$7:$D$10,0) -> 1 | F7: =IF(D7<=0,0,MAX(0,MIN(B7,$B$3-SUMIFS($B$7:$B$10,$E$7:$E$10,"<"&E7,$D$7:$D$10,">0")))) -> 988 | G7: =F7*D7 -> 77.638765 | H7: =F7*C7 -> 658.008
A8: ='Segment lift'!A6 -> Already engaged | B8: 1165 | C8: 0.535 | D8: ='Segment lift'!L6 -> 0.013086758 | E8: =RANK(D8,$D$7:$D$10,0) -> 2 | F8: =IF(D8<=0,0,MAX(0,MIN(B8,$B$3-SUMIFS($B$7:$B$10,$E$7:$E$10,"<"&E8,$D$7:$D$10,">0")))) -> 12 | G8: =F8*D8 -> 0.1570411 | H8: =F8*C8 -> 6.42
A9: ='Segment lift'!A7 -> Other | B9: 1599 | C9: 0.556 | D9: ='Segment lift'!L7 -> 0.0046507973 | E9: =RANK(D9,$D$7:$D$10,0) -> 3 | F9: =IF(D9<=0,0,MAX(0,MIN(B9,$B$3-SUMIFS($B$7:$B$10,$E$7:$E$10,"<"&E9,$D$7:$D$10,">0")))) -> 0 | G9: =F9*D9 -> 0 | H9: =F9*C9 -> 0
A10: ='Segment lift'!A8 -> Recently declined | B10: 248 | C10: 0.609 | D10: ='Segment lift'!L8 -> -0.020393684 | E10: =RANK(D10,$D$7:$D$10,0) -> 4 | F10: =IF(D10<=0,0,MAX(0,MIN(B10,$B$3-SUMIFS($B$7:$B$10,$E$7:$E$10,"<"&E10,$D$7:$D$10,">0")))) -> 0 | G10: =F10*D10 -> 0 | H10: =F10*C10 -> 0
A11: Total | B11: =SUM(B7:B10) -> 4000 | F11: =SUM(F7:F10) -> 1000 | G11: =SUM(G7:G10) -> 77.795806 | H11: =SUM(H7:H10) -> 664.428
A13: Target-market share of contacts | B13: =IF(F11>0,H11/F11,0) -> 0.664428
A14: Floor check | B14: =IF(B13>=B4,"meets floor","below floor: move contacts to target-market prospects") -> meets floor
A15: Budget not used | B15: =B3-F11 -> 0 | C15: If positive, no remaining segment has a positive lift. Consider not spending it.
